{
  "trajectory_stats_mean": [
    4.196207009954378e-05,
    7.32680709916167e-05,
    8.937135862652212e-05,
    3.6050639096174564e-07,
    4.569754673866555e-05,
    9.160080662695691e-05
  ],
  "trajectory_stats_std": [
    0.00172481092158705,
    0.001773542258888483,
    0.001813713926821947,
    0.0015941874589771032,
    0.0015613418072462082,
    0.0015697807539254427
  ],
  "trajectory_stats_min": [
    -0.014052561484277248,
    -0.0151757150888443,
    -0.013816475868225098,
    -0.015621505677700043,
    -0.010687582194805145,
    -0.027403950691223145
  ],
  "trajectory_stats_max": [
    0.00870082899928093,
    0.009408727288246155,
    0.012177646160125732,
    0.01069166511297226,
    0.010988112539052963,
    0.026287078857421875
  ]
}